student,date,meal,item,unit,count,served_grams,taken_grams,wasted_grams
aakarsh,2026-09-24,DINNER,Chana Daal,katori,1,120.0,81.3,38.7
aakarsh,2026-09-24,DINNER,Plain roti + Butter Roti,bhature,2,120.0,106.6,13.4
aakarsh,2026-09-24,DINNER,Veg pulav,plate,1,300.0,214.4,85.6
aakarsh,2026-09-23,DINNER,Plain roti + Butter Roti,roti,1,45.0,34.8,10.2
aakarsh,2026-09-23,DINNER,Jalebi rabri,scoop,1,60.0,57.4,2.6
aakarsh,2026-09-23,DINNER,Veg pulav,bowl,1,180.0,134.8,45.2
aakarsh,2026-09-22,DINNER,Lemon Water,glass,1,200.0,192.2,7.8
aakarsh,2026-09-22,DINNER,Shahi Paneer,katori,2,240.0,159.1,80.9
aakarsh,2026-09-22,DINNER,Chana Daal,bowl,2,400.0,264.0,136.0
aakarsh,2026-09-21,DINNER,Plain roti + Butter Roti,paratha,1,80.0,55.0,25.0
aakarsh,2026-09-21,DINNER,Veg pulav,katori,1,90.0,63.5,26.5
aakarsh,2026-09-21,DINNER,Jalebi rabri,piece,1,60.0,51.6,8.4
aakarsh,2026-09-20,DINNER,Plain roti + Butter Roti,roti,2,90.0,60.8,29.2
aakarsh,2026-09-20,DINNER,Shahi Paneer,ladle,1,110.0,72.4,37.6
aakarsh,2026-09-20,DINNER,Chana Daal,katori,1,120.0,98.2,21.8
archit,2026-09-24,DINNER,Plain roti + Butter Roti,paratha,1,80.0,61.8,18.2
archit,2026-09-24,DINNER,Jalebi rabri,scoop,1,60.0,56.0,4.0
archit,2026-09-24,DINNER,Lemon Water,cup,2,300.0,235.9,64.1
archit,2026-09-23,DINNER,Plain roti + Butter Roti,roti,1,45.0,40.4,4.6
archit,2026-09-23,DINNER,Shahi Paneer,ladle,2,220.0,175.8,44.2
archit,2026-09-23,DINNER,Chana Daal,bowl,2,400.0,382.1,17.9
archit,2026-09-22,DINNER,Methi Parantha,bread_slice,1,30.0,27.5,2.5
archit,2026-09-22,DINNER,Chana Daal,katori,2,240.0,216.8,23.2
archit,2026-09-22,DINNER,Plain roti + Butter Roti,bhature,1,60.0,40.3,19.7
archit,2026-09-21,DINNER,Chicken Hyderabadi Biryani,katori,2,180.0,169.2,10.8
archit,2026-09-21,DINNER,Jalebi rabri,cup,2,160.0,143.5,16.5
archit,2026-09-21,DINNER,Chana Daal,ladle,2,200.0,149.7,50.3
archit,2026-09-20,DINNER,Chana Daal,ladle,2,200.0,130.6,69.4
archit,2026-09-20,DINNER,Plain roti + Butter Roti,naan,1,90.0,75.5,14.5
archit,2026-09-20,DINNER,Shahi Paneer,piece,1,100.0,81.8,18.2
arjun,2026-09-24,DINNER,Chana Daal,ladle,2,200.0,153.8,46.2
arjun,2026-09-24,DINNER,Veg pulav,bowl,1,180.0,157.8,22.2
arjun,2026-09-24,DINNER,Jalebi rabri,bowl,1,120.0,116.8,3.2
arjun,2026-09-23,DINNER,Shahi Paneer,katori,1,120.0,86.9,33.1
arjun,2026-09-23,DINNER,Veg pulav,bowl,2,360.0,304.3,55.7
arjun,2026-09-23,DINNER,Lemon Water,cup,1,150.0,123.8,26.2
arjun,2026-09-22,DINNER,Jalebi rabri,scoop,1,60.0,60.0,0.0
arjun,2026-09-22,DINNER,Plain roti + Butter Roti,paratha,2,160.0,126.3,33.7
arjun,2026-09-22,DINNER,Chutney,teaspoon,1,5.0,4.1,0.9
arjun,2026-09-21,DINNER,Lemon Water,glass,2,400.0,275.5,124.5
arjun,2026-09-21,DINNER,Chana Daal,bowl,2,400.0,299.6,100.4
arjun,2026-09-21,DINNER,Veg pulav,ladle,1,130.0,94.1,35.9
arjun,2026-09-20,DINNER,Chicken Hyderabadi Biryani,katori,1,90.0,62.6,27.4
arjun,2026-09-20,DINNER,Plain roti + Butter Roti,paratha,2,160.0,109.5,50.5
arjun,2026-09-20,DINNER,Methi Parantha,naan,1,90.0,80.9,9.1
garv,2026-09-24,DINNER,Plain roti + Butter Roti,bread_slice,2,60.0,42.4,17.6
garv,2026-09-24,DINNER,Methi Parantha,bread_slice,2,60.0,57.5,2.5
garv,2026-09-24,DINNER,Jalebi rabri,bowl,1,120.0,96.2,23.8
garv,2026-09-23,DINNER,Plain roti + Butter Roti,naan,1,90.0,59.4,30.6
garv,2026-09-23,DINNER,Lemon Water,glass,2,400.0,391.7,8.3
garv,2026-09-23,DINNER,Chutney,katori,1,30.0,28.9,1.1
garv,2026-09-22,DINNER,Jalebi rabri,piece,1,60.0,43.0,17.0
garv,2026-09-22,DINNER,Chana Daal,bowl,1,200.0,134.8,65.2
garv,2026-09-22,DINNER,Methi Parantha,bhature,2,120.0,109.7,10.3
garv,2026-09-21,DINNER,Jalebi rabri,bowl,1,120.0,88.7,31.3
garv,2026-09-21,DINNER,Methi Parantha,naan,1,90.0,67.7,22.3
garv,2026-09-21,DINNER,Veg pulav,ladle,2,260.0,249.2,10.8
garv,2026-09-20,DINNER,Methi Parantha,bread_slice,2,60.0,57.0,3.0
garv,2026-09-20,DINNER,Chicken Hyderabadi Biryani,bowl,2,360.0,252.9,107.1
garv,2026-09-20,DINNER,Shahi Paneer,ladle,1,110.0,72.7,37.3
kunj,2026-09-24,DINNER,Lemon Water,bottle,1,500.0,492.0,8.0
kunj,2026-09-24,DINNER,Chana Daal,katori,1,120.0,94.9,25.1
kunj,2026-09-24,DINNER,Methi Parantha,bread_slice,2,60.0,42.8,17.2
kunj,2026-09-23,DINNER,Jalebi rabri,bowl,2,240.0,166.4,73.6
kunj,2026-09-23,DINNER,Methi Parantha,bhature,2,120.0,89.3,30.7
kunj,2026-09-23,DINNER,Lemon Water,glass,2,400.0,382.1,17.9
kunj,2026-09-22,DINNER,Chana Daal,bowl,1,200.0,193.0,7.0
kunj,2026-09-22,DINNER,Chutney,katori,1,30.0,22.4,7.6
kunj,2026-09-22,DINNER,Lemon Water,glass,1,200.0,144.8,55.2
kunj,2026-09-21,DINNER,Methi Parantha,paratha,2,160.0,156.0,4.0
kunj,2026-09-21,DINNER,Jalebi rabri,cup,1,80.0,56.2,23.8
kunj,2026-09-21,DINNER,Shahi Paneer,bowl,2,400.0,355.5,44.5
kunj,2026-09-20,DINNER,Chana Daal,bowl,2,400.0,355.5,44.5
kunj,2026-09-20,DINNER,Chicken Hyderabadi Biryani,ladle,1,130.0,120.9,9.1
kunj,2026-09-20,DINNER,Shahi Paneer,ladle,1,110.0,80.2,29.8
mithil,2026-09-24,DINNER,Chutney,tablespoon,2,30.0,27.4,2.6
mithil,2026-09-24,DINNER,Veg pulav,katori,1,90.0,72.9,17.1
mithil,2026-09-24,DINNER,Methi Parantha,roti,1,45.0,29.6,15.4
mithil,2026-09-23,DINNER,Plain roti + Butter Roti,roti,2,90.0,65.1,24.9
mithil,2026-09-23,DINNER,Chutney,tablespoon,2,30.0,21.3,8.7
mithil,2026-09-23,DINNER,Shahi Paneer,ladle,2,220.0,187.4,32.6
mithil,2026-09-22,DINNER,Jalebi rabri,bowl,2,240.0,177.2,62.8
mithil,2026-09-22,DINNER,Shahi Paneer,katori,2,240.0,182.3,57.7
mithil,2026-09-22,DINNER,Chana Daal,katori,2,240.0,215.8,24.2
mithil,2026-09-21,DINNER,Shahi Paneer,bowl,2,400.0,343.1,56.9
mithil,2026-09-21,DINNER,Lemon Water,bottle,1,500.0,342.2,157.8
mithil,2026-09-21,DINNER,Chicken Hyderabadi Biryani,bowl,2,360.0,339.9,20.1
mithil,2026-09-20,DINNER,Jalebi rabri,piece,1,60.0,39.9,20.1
mithil,2026-09-20,DINNER,Chana Daal,ladle,1,100.0,74.2,25.8
mithil,2026-09-20,DINNER,Chutney,tablespoon,1,15.0,13.9,1.1
nitish,2026-09-24,DINNER,Methi Parantha,roti,2,90.0,79.2,10.8
nitish,2026-09-24,DINNER,Chana Daal,katori,2,240.0,235.1,4.9
nitish,2026-09-24,DINNER,Chicken Hyderabadi Biryani,bowl,1,180.0,144.1,35.9
nitish,2026-09-23,DINNER,Chicken Hyderabadi Biryani,bowl,2,360.0,236.5,123.5
nitish,2026-09-23,DINNER,Chana Daal,katori,2,240.0,158.6,81.4
nitish,2026-09-23,DINNER,Jalebi rabri,piece,2,120.0,108.5,11.5
nitish,2026-09-22,DINNER,Shahi Paneer,bowl,2,400.0,295.4,104.6
nitish,2026-09-22,DINNER,Plain roti + Butter Roti,naan,2,180.0,131.4,48.6
nitish,2026-09-22,DINNER,Lemon Water,cup,1,150.0,116.1,33.9
nitish,2026-09-21,DINNER,Shahi Paneer,katori,2,240.0,210.1,29.9
nitish,2026-09-21,DINNER,Veg pulav,plate,1,300.0,278.0,22.0
nitish,2026-09-21,DINNER,Chana Daal,katori,1,120.0,79.4,40.6
nitish,2026-09-20,DINNER,Shahi Paneer,bowl,2,400.0,377.8,22.2
nitish,2026-09-20,DINNER,Jalebi rabri,cup,2,160.0,137.2,22.8
nitish,2026-09-20,DINNER,Chana Daal,katori,1,120.0,114.9,5.1
takshay,2026-09-24,DINNER,Shahi Paneer,ladle,2,220.0,201.4,18.6
takshay,2026-09-24,DINNER,Chutney,tablespoon,1,15.0,11.3,3.7
takshay,2026-09-24,DINNER,Veg pulav,ladle,1,130.0,98.6,31.4
takshay,2026-09-23,DINNER,Lemon Water,cup,2,300.0,299.1,0.9
takshay,2026-09-23,DINNER,Methi Parantha,bread_slice,2,60.0,54.0,6.0
takshay,2026-09-23,DINNER,Veg pulav,plate,2,600.0,596.2,3.8
takshay,2026-09-22,DINNER,Methi Parantha,bhature,2,120.0,96.2,23.8
takshay,2026-09-22,DINNER,Plain roti + Butter Roti,roti,2,90.0,71.7,18.3
takshay,2026-09-22,DINNER,Lemon Water,cup,1,150.0,123.6,26.4
takshay,2026-09-21,DINNER,Shahi Paneer,piece,2,200.0,159.6,40.4
takshay,2026-09-21,DINNER,Chicken Hyderabadi Biryani,plate,2,600.0,486.5,113.5
takshay,2026-09-21,DINNER,Jalebi rabri,bowl,2,240.0,203.7,36.3
takshay,2026-09-20,DINNER,Chicken Hyderabadi Biryani,bowl,2,360.0,301.5,58.5
takshay,2026-09-20,DINNER,Jalebi rabri,scoop,2,120.0,86.0,34.0
takshay,2026-09-20,DINNER,Chutney,tablespoon,1,15.0,14.3,0.7
vaibhav,2026-09-24,DINNER,Chutney,katori,1,30.0,22.4,7.6
vaibhav,2026-09-24,DINNER,Veg pulav,ladle,1,130.0,85.9,44.1
vaibhav,2026-09-24,DINNER,Plain roti + Butter Roti,naan,2,180.0,164.9,15.1
vaibhav,2026-09-23,DINNER,Jalebi rabri,piece,1,60.0,59.5,0.5
vaibhav,2026-09-23,DINNER,Methi Parantha,roti,1,45.0,37.1,7.9
vaibhav,2026-09-23,DINNER,Shahi Paneer,katori,2,240.0,207.1,32.9
vaibhav,2026-09-22,DINNER,Shahi Paneer,katori,2,240.0,232.8,7.2
vaibhav,2026-09-22,DINNER,Chutney,teaspoon,2,10.0,9.8,0.2
vaibhav,2026-09-22,DINNER,Veg pulav,ladle,2,260.0,188.7,71.3
vaibhav,2026-09-21,DINNER,Shahi Paneer,piece,1,100.0,97.0,3.0
vaibhav,2026-09-21,DINNER,Plain roti + Butter Roti,bread_slice,2,60.0,52.8,7.2
vaibhav,2026-09-21,DINNER,Methi Parantha,roti,1,45.0,39.9,5.1
vaibhav,2026-09-20,DINNER,Methi Parantha,roti,1,45.0,40.6,4.4
vaibhav,2026-09-20,DINNER,Veg pulav,katori,2,180.0,151.7,28.3
vaibhav,2026-09-20,DINNER,Chutney,katori,2,60.0,59.5,0.5
